tanggal,lat,lon,NO2,status_outlier,jenis_outlier,perubahan_NO2,persentase_perubahan,abs_perubahan
2025-08-24,-7.2,113.3,2.2351111665557257e-05,Normal,Normal,,,
2025-08-25,-7.2,113.3,1.3223408954103678e-05,Normal,Normal,-9.127702711453579e-06,-40.837801931432516,9.127702711453579e-06
2025-08-26,-7.2,113.3,1.4008996088619284e-05,Normal,Normal,7.855871345156058e-07,5.9408820920705985,7.855871345156058e-07
2025-08-27,-7.2,113.3,2.34999048571312e-05,Normal,Normal,9.490908768511915e-06,67.74867169976726,9.490908768511915e-06
2025-08-28,-7.2,113.3,2.129528951910764e-05,Normal,Normal,-2.204615338023558e-06,-9.381379845691384,2.204615338023558e-06
2025-08-29,-7.2,113.3,1.2478423278418558e-05,Normal,Normal,-8.816866240689083e-06,-41.40289444188099,8.816866240689083e-06
2025-08-30,-7.2,113.3,1.7188873253341324e-05,Normal,Normal,4.710449974922766e-06,37.74875935703746,4.710449974922766e-06
2025-08-31,-7.2,113.3,1.1952200534940557e-05,Normal,Normal,-5.236672718400767e-06,-30.4654798555968,5.236672718400767e-06
2025-09-01,-7.2,113.3,9.75303239349821e-06,Normal,Normal,-2.1991681414423473e-06,-18.39969246678377,2.1991681414423473e-06
2025-09-02,-7.2,113.3,7.075254807010215e-06,Normal,Normal,-2.677777586487994e-06,-27.455846330143597,2.677777586487994e-06
2025-09-03,-7.2,113.3,1.222425348262166e-05,Normal,Normal,5.148998675611446e-06,72.77474544817495,5.148998675611446e-06
2025-09-04,-7.2,113.3,1.47480564183637e-05,Normal,Normal,2.5238029357420386e-06,20.645865527330145,2.5238029357420386e-06
2025-09-05,-7.2,113.3,1.544484883353118e-05,Normal,Normal,6.967924151674812e-07,4.72463893140429,6.967924151674812e-07
2025-09-06,-7.2,113.3,1.5417955176953677e-05,Normal,Normal,-2.6893656577503224e-08,-0.17412703010155628,2.6893656577503224e-08
2025-09-07,-7.2,113.3,2.17261725820354e-05,Normal,Normal,6.308217405081721e-06,40.9147473363463,6.308217405081721e-06
2025-09-08,-7.2,113.3,1.7133203008207992e-05,Normal,Normal,-4.592969573827407e-06,-21.14026092946151,4.592969573827407e-06
2025-09-09,-7.2,113.3,2.9370793586689406e-05,Normal,Normal,1.2237590578481414e-05,71.42616924937364,1.2237590578481414e-05
2025-09-10,-7.2,113.3,1.6181232123689488e-05,Normal,Normal,-1.3189561462999918e-05,-44.907065326887576,1.3189561462999918e-05
2025-09-11,-7.2,113.3,7.939930018506937e-06,Normal,Normal,-8.241302105182551e-06,-50.931239612570664,8.241302105182551e-06
2025-09-12,-7.2,113.3,1.817914010514089e-05,Normal,Normal,1.0239210086633955e-05,128.9584424896403,1.0239210086633955e-05
2025-09-13,-7.2,113.3,1.659267566131781e-05,Normal,Normal,-1.586464443823083e-06,-8.726839854072333,1.586464443823083e-06
2025-09-14,-7.2,113.3,1.9895078323012665e-05,Normal,Normal,3.302402661694857e-06,19.9027735435924,3.302402661694857e-06
2025-09-15,-7.2,113.3,3.138725686310264e-05,Normal,Normal,1.1492178540089977e-05,57.76392710551412,1.1492178540089977e-05
2025-09-16,-7.2,113.3,3.177126704547216e-05,Normal,Normal,3.8401018236951636e-07,1.2234588834710847,3.8401018236951636e-07
2025-09-17,-7.2,113.3,4.7171826736303046e-05,Outlier,Outlier Tinggi,1.5400559690830887e-05,48.47323107633403,1.5400559690830887e-05
2025-09-18,-7.2,113.3,9.988890129382829e-06,Normal,Normal,-3.718293660692022e-05,-78.82445768907343,3.718293660692022e-05
2025-09-19,-7.2,113.3,7.63930960301891e-06,Normal,Normal,-2.3495805263639194e-06,-23.521937832237327,2.3495805263639194e-06
2025-09-20,-7.2,113.3,1.1191891729848344e-05,Normal,Normal,3.5525821268294344e-06,46.5039684400999,3.5525821268294344e-06
2025-09-21,-7.2,113.3,2.0450547625467548e-05,Normal,Normal,9.258655895619205e-06,82.7264605404172,9.258655895619205e-06
2025-09-22,-7.2,113.3,1.0049411502343854e-05,Normal,Normal,-1.0401136123123694e-05,-50.85993936989206,1.0401136123123694e-05
2025-09-23,-7.2,113.3,2.4252442913815945e-05,Normal,Normal,1.4203031411472091e-05,141.33197161007365,1.4203031411472091e-05
2025-09-24,-7.2,113.3,1.8963466819800515e-05,Normal,Normal,-5.28897609401543e-06,-21.80801378570588,5.28897609401543e-06
2025-09-25,-7.2,113.3,1.574760112698759e-05,Normal,Normal,-3.215865692812925e-06,-16.958216149882,3.215865692812925e-06
2025-09-26,-7.2,113.3,1.0912123904037715e-05,Normal,Normal,-4.835477222949875e-06,-30.70611951596255,4.835477222949875e-06
2025-09-27,-7.2,113.3,1.9399149274226672e-05,Normal,Normal,8.487025370188957e-06,77.77610889341697,8.487025370188957e-06
2025-09-28,-7.2,113.3,9.571359562888927e-06,Normal,Normal,-9.827789711337745e-06,-50.66093142751755,9.827789711337745e-06
2025-09-29,-7.2,113.3,1.2351710016684404e-05,Normal,Normal,2.780350453795477e-06,29.048647013280558,2.780350453795477e-06
2025-10-01,-7.2,113.3,7.65776394052443e-06,Normal,Normal,-4.693946076159975e-06,-38.00239861379113,4.693946076159975e-06
2025-10-02,-7.2,113.3,1.9087336185156653e-05,Normal,Normal,1.1429572244632224e-05,149.25469540981294,1.1429572244632224e-05
2025-10-03,-7.2,113.3,1.968378876726044e-05,Normal,Normal,5.964525821037881e-07,3.124860254557804,5.964525821037881e-07
2025-10-04,-7.2,113.3,1.6937479730351998e-05,Normal,Normal,-2.7463090369084433e-06,-13.952136295408291,2.7463090369084433e-06
2025-10-05,-7.2,113.3,1.1143000834089972e-05,Normal,Normal,-5.794478896262026e-06,-34.21098645436788,5.794478896262026e-06
2025-10-06,-7.2,113.3,1.5031143669758318e-05,Normal,Normal,3.888142835668346e-06,34.893139591027264,3.888142835668346e-06
2025-10-07,-7.2,113.3,2.4641570859318096e-05,Normal,Normal,9.610427189559778e-06,63.93676622821012,9.610427189559778e-06
2025-10-08,-7.2,113.3,1.3443467089035693e-05,Normal,Normal,-1.1198103770282403e-05,-45.44395255567846,1.1198103770282403e-05
2025-10-09,-7.2,113.3,2.3295816102359112e-05,Normal,Normal,9.85234901332342e-06,73.28726249018649,9.85234901332342e-06
2025-10-10,-7.2,113.3,2.5012561019787396e-05,Normal,Normal,1.7167449174282838e-06,7.369327221184729,1.7167449174282838e-06
2025-10-11,-7.2,113.3,1.675751690103864e-05,Normal,Normal,-8.255044118748756e-06,-33.00359412304164,8.255044118748756e-06
2025-10-12,-7.2,113.3,1.159880659616003e-05,Normal,Normal,-5.158710304878611e-06,-30.784455330365034,5.158710304878611e-06
2025-10-13,-7.2,113.3,1.2483180245126596e-05,Normal,Normal,8.843736489665667e-07,7.62469519286022,8.843736489665667e-07
2025-10-14,-7.2,113.3,1.4813572530787038e-05,Normal,Normal,2.330392285660442e-06,18.66825792706328,2.330392285660442e-06
2025-10-15,-7.2,113.3,1.0970527304597573e-05,Normal,Normal,-3.843045226189466e-06,-25.94273068297649,3.843045226189466e-06
2025-10-16,-7.2,113.3,2.0005937646642864e-05,Normal,Normal,9.035410342045291e-06,82.3607661799328,9.035410342045291e-06
2025-10-17,-7.2,113.3,1.3087257033558588e-05,Normal,Normal,-6.918680613084276e-06,-34.58313594336969,6.918680613084276e-06
2025-10-18,-7.2,113.3,1.5681333459883358e-05,Normal,Normal,2.5940764263247695e-06,19.821391294394154,2.5940764263247695e-06
2025-10-19,-7.2,113.3,2.153190692192416e-05,Normal,Normal,5.850573462040803e-06,37.309157904255954,5.850573462040803e-06
2025-10-20,-7.2,113.3,-6.291100362432189e-06,Outlier,Outlier Rendah,-2.782300728435635e-05,-129.2175717888994,2.782300728435635e-05
2025-10-21,-7.2,113.3,2.2795458821276733e-05,Normal,Normal,2.9086559183708922e-05,-462.34454241743845,2.9086559183708922e-05
2025-10-23,-7.2,113.3,2.638614395705073e-05,Normal,Normal,3.590685135773996e-06,15.751756364835856,3.590685135773996e-06
2025-10-25,-7.2,113.3,2.922947362718848e-05,Normal,Normal,2.8433296701377528e-06,10.775843847308275,2.8433296701377528e-06
2025-10-26,-7.2,113.3,3.649290766689874e-05,Normal,Normal,7.263434039710262e-06,24.84969155569743,7.263434039710262e-06
2025-10-29,-7.2,113.3,2.52651354912814e-05,Normal,Normal,-1.1227772175617345e-05,-30.76699800986702,1.1227772175617345e-05
2025-10-30,-7.2,113.3,2.5026296309086497e-05,Normal,Normal,-2.3883918219490163e-07,-0.9453310957992733,2.3883918219490163e-07
2025-10-31,-7.2,113.3,8.795806807277576e-06,Normal,Normal,-1.623048950180892e-05,-64.85374144601647,1.623048950180892e-05
2025-11-02,-7.2,113.3,1.2927226016756777e-05,Normal,Normal,4.131419209479201e-06,46.970326884179634,4.131419209479201e-06
2025-11-04,-7.2,113.3,2.7847402230286712e-05,Normal,Normal,1.4920176213529936e-05,115.41668873267801,1.4920176213529936e-05
2025-11-05,-7.2,113.3,3.654758880397172e-05,Normal,Normal,8.700186573685007e-06,31.242363297437926,8.700186573685007e-06
2025-11-06,-7.2,113.3,2.4416582059908855e-05,Normal,Normal,-1.2131006744062865e-05,-33.19235862351761,1.2131006744062865e-05
2025-11-07,-7.2,113.3,1.941757402909524e-05,Normal,Normal,-4.9990080308136146e-06,-20.47382397154516,4.9990080308136146e-06
2025-11-08,-7.2,113.3,-2.3420263914886164e-06,Outlier,Outlier Rendah,-2.1759600420583857e-05,-112.0613748554754,2.1759600420583857e-05
2025-11-11,-7.2,113.3,2.547917142692313e-05,Normal,Normal,2.7821197818411747e-05,-1187.9113710895592,2.7821197818411747e-05
2025-11-16,-7.2,113.3,1.7661102181894723e-05,Normal,Normal,-7.818069245028408e-06,-30.68415810714814,7.818069245028408e-06
2025-11-17,-7.2,113.3,3.649640124818219e-05,Normal,Normal,1.883529906628747e-05,106.64849153976625,1.883529906628747e-05
2025-11-18,-7.2,113.3,2.9185124271059656e-05,Normal,Normal,-7.311276977122537e-06,-20.032870987483175,7.311276977122537e-06
2025-11-19,-7.2,113.3,2.7614283195279395e-05,Normal,Normal,-1.5708410757802608e-06,-5.382334716792436,1.5708410757802608e-06
2025-11-21,-7.2,113.3,1.7771614709870066e-05,Normal,Normal,-9.84266848540933e-06,-35.64339662849518,9.84266848540933e-06
2025-11-22,-7.2,113.3,2.805774420266971e-05,Normal,Normal,1.0286129492799644e-05,57.8795436471335,1.0286129492799644e-05
2025-11-23,-7.2,113.3,1.8018568945470695e-05,Normal,Normal,-1.0039175257199015e-05,-35.78040766457548,1.0039175257199015e-05
2025-11-25,-7.2,113.3,3.676528802381917e-05,Normal,Normal,1.8746719078348474e-05,104.04110967458831,1.8746719078348474e-05
2025-11-26,-7.2,113.3,3.37166424847405e-05,Normal,Normal,-3.048645539078669e-06,-8.292184565788085,3.048645539078669e-06
2025-11-27,-7.2,113.3,3.18196911357878e-05,Normal,Normal,-1.8969513489526968e-06,-5.6261573192266106,1.8969513489526968e-06
2025-11-28,-7.2,113.3,3.153019643646489e-05,Normal,Normal,-2.894946993229117e-07,-0.9097973267167103,2.894946993229117e-07
2025-11-29,-7.2,113.3,1.986224488064181e-05,Normal,Normal,-1.1667951555823081e-05,-37.005641811761805,1.1667951555823081e-05
2025-12-01,-7.2,113.3,2.5316769714212377e-05,Normal,Normal,5.454524833570567e-06,27.461774166759323,5.454524833570567e-06
2025-12-03,-7.2,113.3,2.3784545742001552e-05,Normal,Normal,-1.5322239722108253e-06,-6.052209620371363,1.5322239722108253e-06
2025-12-04,-7.2,113.3,1.1065947546740064e-05,Normal,Normal,-1.2718598195261488e-05,-53.47421108321395,1.2718598195261488e-05
2025-12-05,-7.2,113.3,1.6892071541153888e-05,Normal,Normal,5.8261239944138235e-06,52.649119922226184,5.8261239944138235e-06
2025-12-07,-7.2,113.3,1.2189659940720908e-05,Normal,Normal,-4.70241160043298e-06,-27.83798061106104,4.70241160043298e-06
2025-12-08,-7.2,113.3,2.83373839761586e-05,Normal,Normal,1.6147724035437694e-05,132.47066869761014,1.6147724035437694e-05
2025-12-09,-7.2,113.3,3.900568945880423e-05,Normal,Normal,1.0668305482645626e-05,37.64746065346507,1.0668305482645626e-05
2025-12-10,-7.2,113.3,3.185645776383575e-05,Normal,Normal,-7.149231694968477e-06,-18.328689465979377,7.149231694968477e-06
2025-12-11,-7.2,113.3,2.676310425529125e-05,Normal,Normal,-5.0933535085445e-06,-15.988449018103335,5.0933535085445e-06
2025-12-12,-7.2,113.3,2.757485776005796e-05,Normal,Normal,8.117535047667091e-07,3.0331066868157563,8.117535047667091e-07
2025-12-13,-7.2,113.3,3.802408933182251e-05,Normal,Normal,1.0449231571764552e-05,37.894054296447585,1.0449231571764552e-05
2025-12-15,-7.2,113.3,4.3265473249374666e-05,Outlier,Outlier Tinggi,5.241383917552154e-06,13.784377245204983,5.241383917552154e-06
2025-12-17,-7.2,113.3,2.626012656181254e-05,Normal,Normal,-1.7005346687562126e-05,-39.304658912538095,1.7005346687562126e-05
2025-12-18,-7.2,113.3,5.129460276459047e-05,Outlier,Outlier Tinggi,2.5034476202777932e-05,95.33265631393814,2.5034476202777932e-05
2025-12-20,-7.2,113.3,3.0412849810090847e-05,Normal,Normal,-2.0881752954499625e-05,-40.709454463140226,2.0881752954499625e-05
2025-12-21,-7.2,113.3,2.309675534585646e-05,Normal,Normal,-7.316094464234387e-06,-24.055931982431122,7.316094464234387e-06
2025-12-22,-7.2,113.3,3.7365531759004464e-05,Normal,Normal,1.4268776413148003e-05,61.77827231350837,1.4268776413148003e-05
2025-12-23,-7.2,113.3,3.109083125444293e-05,Normal,Normal,-6.274700504561531e-06,-16.792750455235883,6.274700504561531e-06
2025-12-24,-7.2,113.3,2.7584441525234707e-05,Normal,Normal,-3.5063897292082256e-06,-11.277889936465291,3.5063897292082256e-06
2025-12-25,-7.2,113.3,2.1478874516696357e-05,Normal,Normal,-6.105567008538351e-06,-22.134096871067253,6.105567008538351e-06
2025-12-27,-7.2,113.3,3.527771508515798e-05,Normal,Normal,1.3798840568461622e-05,64.24377849842762,1.3798840568461622e-05
2025-12-28,-7.2,113.3,2.0765057384282546e-05,Normal,Normal,-1.4512657700875433e-05,-41.138315409155254,1.4512657700875433e-05
2025-12-29,-7.2,113.3,2.2399336706677368e-05,Normal,Normal,1.6342793223948223e-06,7.870333763834614,1.6342793223948223e-06
2025-12-30,-7.2,113.3,1.855907178721212e-05,Normal,Normal,-3.840264919465248e-06,-17.144547491535512,3.840264919465248e-06
2026-01-02,-7.2,113.3,4.515954742601025e-05,Outlier,Outlier Tinggi,2.660047563879813e-05,143.32869630434226,2.660047563879813e-05
2026-01-03,-7.2,113.3,3.1721425936363325e-05,Normal,Normal,-1.3438121489646924e-05,-29.75698884419523,1.3438121489646924e-05
2026-01-04,-7.2,113.3,2.5905629778814426e-05,Normal,Normal,-5.815796157548899e-06,-18.3339682434706,5.815796157548899e-06
2026-01-06,-7.2,113.3,3.968739110860042e-05,Normal,Normal,1.3781761329785997e-05,53.199869864027384,1.3781761329785997e-05
2026-01-08,-7.2,113.3,3.563795835974958e-05,Normal,Normal,-4.049432748850841e-06,-10.203323110279506,4.049432748850841e-06
2026-01-09,-7.2,113.3,3.50225036527263e-05,Normal,Normal,-6.15454707023282e-07,-1.7269639882580679,6.15454707023282e-07
2026-01-10,-7.2,113.3,5.444581620395184e-05,Outlier,Outlier Tinggi,1.9423312551225542e-05,55.459520381015224,1.9423312551225542e-05
2026-01-13,-7.2,113.3,1.77759293364943e-05,Normal,Normal,-3.666988686745754e-05,-67.35115647838508,3.666988686745754e-05
2026-01-14,-7.2,113.3,3.099758191638102e-05,Normal,Normal,1.3221652579886722e-05,74.37952936020302,1.3221652579886722e-05
2026-01-18,-7.2,113.3,3.039486914314607e-05,Normal,Normal,-6.02712773234954e-07,-1.9443864197563165,6.02712773234954e-07
2026-01-19,-7.2,113.3,2.258960560264169e-05,Normal,Normal,-7.805263540504378e-06,-25.679543161528752,7.805263540504378e-06
2026-01-20,-7.2,113.3,3.153558488596294e-05,Normal,Normal,8.94597928332125e-06,39.602193330347845,8.94597928332125e-06
2026-01-21,-7.2,113.3,3.099256115897557e-05,Normal,Normal,-5.430237269873732e-07,-1.7219396087024275,5.430237269873732e-07
2026-01-24,-7.2,113.3,1.3853381388082897e-05,Normal,Normal,-1.713917977089267e-05,-55.30094684004227,1.713917977089267e-05
2026-01-25,-7.2,113.3,1.5900742174797717e-05,Normal,Normal,2.0473607867148203e-06,14.778780207957197,2.0473607867148203e-06
2026-01-26,-7.2,113.3,2.2071714898334608e-05,Normal,Normal,6.170972723536891e-06,38.80933767555661,6.170972723536891e-06
2026-01-28,-7.2,113.3,1.227447382411305e-05,Normal,Normal,-9.797241074221557e-06,-44.38821867421273,9.797241074221557e-06
2026-01-29,-7.2,113.3,3.092072224148978e-05,Normal,Normal,1.864624841737673e-05,151.9107758472417,1.864624841737673e-05
2026-01-30,-7.2,113.3,1.955796009786345e-05,Normal,Normal,-1.136276214362633e-05,-36.748048945569735,1.136276214362633e-05
2026-01-31,-7.2,113.3,2.503978860979908e-05,Normal,Normal,5.48182851193563e-06,28.0286312299741,5.48182851193563e-06
2026-02-01,-7.2,113.3,1.9195607819710855e-05,Normal,Normal,-5.844180790088226e-06,-23.33957718716987,5.844180790088226e-06
2026-02-02,-7.2,113.3,2.0683423507873893e-05,Normal,Normal,1.4878156881630383e-06,7.7508131137961955,1.4878156881630383e-06
2026-02-03,-7.2,113.3,2.295065762056667e-05,Normal,Normal,2.2672341126927774e-06,10.961599813636624,2.2672341126927774e-06
2026-02-04,-7.2,113.3,2.1873624804803007e-05,Normal,Normal,-1.077032815763663e-06,-4.692818975254576,1.077032815763663e-06
2026-02-05,-7.2,113.3,3.253758007882755e-05,Normal,Normal,1.0663955274024545e-05,48.752574706698624,1.0663955274024545e-05
2026-02-06,-7.2,113.3,2.150473681031096e-05,Normal,Normal,-1.1032843268516591e-05,-33.90800189131381,1.1032843268516591e-05
2026-02-08,-7.2,113.3,2.618692931746685e-05,Normal,Normal,4.682192507155887e-06,21.772842646048552,4.682192507155887e-06
2026-02-09,-7.2,113.3,2.7719442995375077e-05,Normal,Normal,1.5325136779082282e-06,5.852208402632497,1.5325136779082282e-06
2026-02-10,-7.2,113.3,1.548950653655497e-05,Normal,Normal,-1.2229936458820107e-05,-44.12042644890318,1.2229936458820107e-05
2026-02-12,-7.2,113.3,3.2125793360456874e-05,Normal,Normal,1.6636286823901904e-05,107.40359471517414,1.6636286823901904e-05
2026-02-14,-7.2,113.3,2.927040026666613e-05,Normal,Normal,-2.8553930937907426e-06,-8.88816366884001,2.8553930937907426e-06
2026-02-15,-7.2,113.3,1.988067439874107e-05,Normal,Normal,-9.38972586792506e-06,-32.07925338355662,9.38972586792506e-06
2026-02-16,-7.2,113.3,2.3175288650211745e-05,Normal,Normal,3.294614251470674e-06,16.571944117143754,3.294614251470674e-06
2026-02-18,-7.2,113.3,5.253817107586656e-06,Normal,Normal,-1.792147154262509e-05,-77.33008987769973,1.792147154262509e-05
2026-02-19,-7.2,113.3,1.1103325959993526e-05,Normal,Normal,5.8495088524068706e-06,111.33826573368952,5.8495088524068706e-06
2026-02-20,-7.2,113.3,3.0532106083067927e-05,Normal,Normal,1.94287801230744e-05,174.98162436263135,1.94287801230744e-05
2026-02-22,-7.2,113.3,3.311716136522591e-05,Normal,Normal,2.5850552821579846e-06,8.466678568209108,2.5850552821579846e-06
2026-02-27,-7.2,113.3,2.1049702188214886e-05,Normal,Normal,-1.2067459177011025e-05,-36.43868821946269,1.2067459177011025e-05
2026-02-28,-7.2,113.3,4.023645945959619e-05,Normal,Normal,1.9186757271381302e-05,91.1497801718231,1.9186757271381302e-05
2026-03-01,-7.2,113.3,1.6407959380949755e-05,Normal,Normal,-2.3828500078646434e-05,-59.22116507933319,2.3828500078646434e-05
2026-03-03,-7.2,113.3,2.132728235058797e-05,Normal,Normal,4.919322969638214e-06,29.98132098833526,4.919322969638214e-06
2026-03-04,-7.2,113.3,3.313657582338252e-05,Normal,Normal,1.1809293472794553e-05,55.37176879204671,1.1809293472794553e-05
2026-03-05,-7.2,113.3,2.502153851490651e-05,Normal,Normal,-8.115037308476013e-06,-24.489667706551955,8.115037308476013e-06
2026-03-07,-7.2,113.3,2.753122134890873e-05,Normal,Normal,2.509682834002221e-06,10.03009000628432,2.509682834002221e-06
2026-03-08,-7.2,113.3,2.084051239673611e-05,Normal,Normal,-6.6907089521726215e-06,-24.30225985029838,6.6907089521726215e-06
2026-03-09,-7.2,113.3,2.4671055329592397e-05,Normal,Normal,3.830542932856289e-06,18.38027232697119,3.830542932856289e-06
2026-03-10,-7.2,113.3,2.9826594010867653e-05,Normal,Normal,5.155538681275256e-06,20.897114502804826,5.155538681275256e-06
2026-03-11,-7.2,113.3,1.6225258982665986e-05,Normal,Normal,-1.3601335028201668e-05,-45.60136844068039,1.3601335028201668e-05
2026-03-12,-7.2,113.3,2.116484423757876e-05,Normal,Normal,4.939585254912775e-06,30.443799141757346,4.939585254912775e-06
2026-03-13,-7.2,113.3,2.2583057020944045e-05,Normal,Normal,1.4182127833652844e-06,6.700794805979293,1.4182127833652844e-06
2026-03-14,-7.2,113.3,3.007686619337713e-05,Normal,Normal,7.493809172433086e-06,33.18332485049813,7.493809172433086e-06
2026-03-15,-7.2,113.3,2.0700523248111203e-05,Normal,Normal,-9.376342945265928e-06,-31.174600721303147,9.376342945265928e-06
2026-03-16,-7.2,113.3,2.579737150275226e-05,Normal,Normal,5.096848254641058e-06,24.621832953455012,5.096848254641058e-06
2026-03-17,-7.2,113.3,1.3343250123741376e-05,Normal,Normal,-1.2454121379010885e-05,-48.276706708984605,1.2454121379010885e-05
2026-03-18,-7.2,113.3,2.3185234864696114e-05,Normal,Normal,9.841984740954738e-06,73.76002585339454,9.841984740954738e-06
2026-03-19,-7.2,113.3,2.213143198730449e-05,Normal,Normal,-1.0538028773916233e-06,-4.545146441437331,1.0538028773916233e-06
2026-03-20,-7.2,113.3,3.179368650307879e-05,Normal,Normal,9.662254515774297e-06,43.65851482776608,9.662254515774297e-06
2026-03-21,-7.2,113.3,2.846565877533928e-05,Normal,Normal,-3.32802772773951e-06,-10.467574206650232,3.32802772773951e-06
2026-03-23,-7.2,113.3,2.5147533553451263e-05,Normal,Normal,-3.3181252218880153e-06,-11.65659030790679,3.3181252218880153e-06
2026-03-24,-7.2,113.3,2.9015540586323883e-05,Normal,Normal,3.86800703287262e-06,15.381258065134485,3.86800703287262e-06
2026-03-25,-7.2,113.3,2.6495859984106062e-05,Normal,Normal,-2.519680602217821e-06,-8.683900252423493,2.519680602217821e-06
2026-03-26,-7.2,113.3,2.1648221245042652e-05,Normal,Normal,-4.8476387390634106e-06,-18.29583467746032,4.8476387390634106e-06
2026-03-27,-7.2,113.3,1.8856236025848768e-05,Normal,Normal,-2.7919852191938837e-06,-12.897065248874595,2.7919852191938837e-06
2026-03-29,-7.2,113.3,1.8790277640321525e-05,Normal,Normal,-6.595838552724329e-08,-0.349796138724745,6.595838552724329e-08
2026-03-30,-7.2,113.3,2.694780748751804e-05,Normal,Normal,8.157529847196517e-06,43.41356739557432,8.157529847196517e-06
2026-03-31,-7.2,113.3,1.615596883035007e-05,Normal,Normal,-1.0791838657167972e-05,-40.04718625872121,1.0791838657167972e-05
2026-04-01,-7.2,113.3,1.2250138264274172e-05,Normal,Normal,-3.905830566075898e-06,-24.17577433510848,3.905830566075898e-06
2026-04-02,-7.2,113.3,1.969269995648525e-05,Normal,Normal,7.442561692211078e-06,60.75491991724107,7.442561692211078e-06
2026-04-03,-7.2,113.3,1.4783458206985804e-05,Normal,Normal,-4.9092417494994454e-06,-24.92924667692772,4.9092417494994454e-06
2026-04-04,-7.2,113.3,1.5116080247940482e-05,Normal,Normal,3.326220409546776e-07,2.2499609786666763,3.326220409546776e-07
2026-04-05,-7.2,113.3,1.4395637490906663e-05,Normal,Normal,-7.204427570338185e-07,-4.766068618430208,7.204427570338185e-07
2026-04-06,-7.2,113.3,1.703232404989566e-05,Normal,Normal,2.6366865589889968e-06,18.31587215678723,2.6366865589889968e-06
2026-04-07,-7.2,113.3,1.95386869381764e-05,Normal,Normal,2.506362888280741e-06,14.715331160553479,2.506362888280741e-06
2026-04-08,-7.2,113.3,1.4346203170134684e-05,Normal,Normal,-5.1924837680417175e-06,-26.57539774536326,5.1924837680417175e-06
2026-04-09,-7.2,113.3,2.981609017856849e-05,Normal,Normal,1.546988700843381e-05,107.83262180922102,1.546988700843381e-05
2026-04-10,-7.2,113.3,2.60611845663204e-05,Normal,Normal,-3.75490561224809e-06,-12.593554653745576,3.75490561224809e-06
2026-04-11,-7.2,113.3,2.572157609392889e-05,Normal,Normal,-3.396084723915125e-07,-1.3031198621355045,3.396084723915125e-07
2026-04-12,-7.2,113.3,1.5523992654262083e-05,Normal,Normal,-1.0197583439666806e-05,-39.646028697571765,1.0197583439666806e-05
2026-04-13,-7.2,113.3,1.0385915762374983e-05,Normal,Normal,-5.138076891887099e-06,-33.09765088349516,5.138076891887099e-06
2026-04-14,-7.2,113.3,1.089741474209824e-05,Normal,Normal,5.114989797232568e-07,4.924929023363189,5.114989797232568e-07
2026-04-15,-7.2,113.3,1.984128820734657e-05,Normal,Normal,8.94387346524833e-06,82.07335112884063,8.94387346524833e-06
2026-04-16,-7.2,113.3,1.576010013195628e-05,Normal,Normal,-4.081188075390291e-06,-20.56916886011042,4.081188075390291e-06
2026-04-17,-7.2,113.3,1.814523305816485e-05,Normal,Normal,2.3851329262085688e-06,15.133996016765817,2.3851329262085688e-06
2026-04-18,-7.2,113.3,2.206877483153537e-05,Normal,Normal,3.923541773370523e-06,21.62298913876468,3.923541773370523e-06
2026-04-19,-7.2,113.3,2.6270550581439186e-05,Normal,Normal,4.201775749903814e-06,19.039460876186244,4.201775749903814e-06
2026-04-20,-7.2,113.3,2.700114224600544e-05,Normal,Normal,7.30591664566253e-07,2.7810291310850443,7.30591664566253e-07
2026-04-21,-7.2,113.3,3.616334020946288e-05,Normal,Normal,9.162197963457443e-06,33.93263099753827,9.162197963457443e-06
2026-04-22,-7.2,113.3,1.541070159346682e-05,Normal,Normal,-2.0752638615996063e-05,-57.38584570947821,2.0752638615996063e-05
2026-04-23,-7.2,113.3,9.891676274621985e-06,Normal,Normal,-5.519025318844834e-06,-35.81294002334429,5.519025318844834e-06
2026-04-24,-7.2,113.3,9.4165093234011e-06,Normal,Normal,-4.751669512208852e-07,-4.803705034706507,4.751669512208852e-07
2026-04-25,-7.2,113.3,1.3021503788101056e-05,Normal,Normal,3.6049944646999563e-06,38.28376674295999,3.6049944646999563e-06
2026-04-26,-7.2,113.3,1.2891876511948172e-05,Normal,Normal,-1.2962727615288335e-07,-0.9954862223465755,1.2962727615288335e-07
2026-04-28,-7.2,113.3,1.8510874951971346e-05,Normal,Normal,5.618998440023173e-06,43.58557448805451,5.618998440023173e-06
2026-04-29,-7.2,113.3,-7.570181638199686e-06,Outlier,Outlier Rendah,-2.6081056590171032e-05,-140.89586071885535,2.6081056590171032e-05
2026-04-30,-7.2,113.3,3.250573863624595e-05,Normal,Normal,4.0075920274445636e-05,-529.3917925591063,4.0075920274445636e-05
2026-05-01,-7.2,113.3,3.2903479096466126e-05,Normal,Normal,3.9774046022017376e-07,1.223600745305542,3.9774046022017376e-07
2026-05-02,-7.2,113.3,1.8658343854838225e-05,Normal,Normal,-1.4245135241627901e-05,-43.29370520322225,1.4245135241627901e-05
2026-05-03,-7.2,113.3,1.7020569631668735e-05,Normal,Normal,-1.6377742231694904e-06,-8.777704151619037,1.6377742231694904e-06
2026-05-04,-7.2,113.3,1.9933836399972773e-05,Normal,Normal,2.9132667683040385e-06,17.116153168478988,2.9132667683040385e-06
2026-05-05,-7.2,113.3,1.3257628189553578e-05,Normal,Normal,-6.676208210419195e-06,-33.49183808104452,6.676208210419195e-06
2026-05-06,-7.2,113.3,1.9800349657046047e-05,Normal,Normal,6.542721467492469e-06,49.35061817956128,6.542721467492469e-06
2026-05-07,-7.2,113.3,1.7535603282848408e-05,Normal,Normal,-2.2647463741976394e-06,-11.43791101381747,2.2647463741976394e-06
2026-05-08,-7.2,113.3,1.6888245082356775e-05,Normal,Normal,-6.473582004916331e-07,-3.691679094524314,6.473582004916331e-07
2026-05-09,-7.2,113.3,2.4028230109252038e-05,Normal,Normal,7.139985026895263e-06,42.27783876937241,7.139985026895263e-06
2026-05-10,-7.2,113.3,1.4927425258818026e-05,Normal,Normal,-9.100804850434012e-06,-37.87546901729462,9.100804850434012e-06
2026-05-11,-7.2,113.3,1.3729262928966898e-05,Normal,Normal,-1.1981623298511274e-06,-8.026584016177473,1.1981623298511274e-06
2026-05-12,-7.2,113.3,2.398425636446056e-05,Normal,Normal,1.0254993435493662e-05,74.69442087715434,1.0254993435493662e-05
2026-05-13,-7.2,113.3,1.525146910727333e-05,Normal,Normal,-8.732787257187231e-06,-36.41049830557731,8.732787257187231e-06
2026-05-14,-7.2,113.3,1.8875164756566894e-05,Normal,Normal,3.623695649293565e-06,23.759649800329385,3.623695649293565e-06
2026-05-15,-7.2,113.3,2.4779754692470505e-05,Normal,Normal,5.904589935903611e-06,31.282322628994976,5.904589935903611e-06
2026-05-16,-7.2,113.3,2.3868772443747972e-05,Normal,Normal,-9.109822487225337e-07,-3.6763166545766612,9.109822487225337e-07
2026-05-17,-7.2,113.3,2.679625374960382e-05,Normal,Normal,2.9274813058558486e-06,12.264900982047177,2.9274813058558486e-06
2026-05-18,-7.2,113.3,2.589548717893431e-05,Normal,Normal,-9.007665706695088e-07,-3.3615391878531797,9.007665706695088e-07
2026-05-19,-7.2,113.3,2.091547956260168e-05,Normal,Normal,-4.98000761633263e-06,-19.23117947896269,4.98000761633263e-06
2026-05-20,-7.2,113.3,1.7584386886809603e-05,Normal,Normal,-3.3310926757920783e-06,-15.926446562326502,3.3310926757920783e-06
2026-05-21,-7.2,113.3,9.630069754163916e-06,Normal,Normal,-7.954317132645687e-06,-45.235112169946504,7.954317132645687e-06
2026-05-22,-7.2,113.3,4.3268088431528e-05,Outlier,Outlier Tinggi,3.363801867736409e-05,349.301921336753,3.363801867736409e-05
2026-05-23,-7.2,113.3,3.592716408210465e-05,Normal,Normal,-7.340924349423353e-06,-16.966139747635044,7.340924349423353e-06
2026-05-24,-7.2,113.3,3.392312100913841e-05,Normal,Normal,-2.0040430729662378e-06,-5.578071980260901,2.0040430729662378e-06
2026-05-25,-7.2,113.3,2.8822143425107544e-05,Normal,Normal,-5.100977584030868e-06,-15.036875830666451,5.100977584030868e-06
2026-05-26,-7.2,113.3,2.4586539166193688e-05,Normal,Normal,-4.235604258913857e-06,-14.69566019584837,4.235604258913857e-06
2026-05-27,-7.2,113.3,2.8178008838103864e-05,Normal,Normal,3.591469671910176e-06,14.607463244963004,3.591469671910176e-06
2026-05-28,-7.2,113.3,2.954086845374063e-05,Normal,Normal,1.3628596156367679e-06,4.836607240302349,1.3628596156367679e-06
2026-05-29,-7.2,113.3,3.318657221268128e-05,Normal,Normal,3.6457037589406495e-06,12.341220653853213,3.6457037589406495e-06
2026-05-30,-7.2,113.3,2.0728683251671677e-05,Normal,Normal,-1.2457888961009604e-05,-37.538944610402346,1.2457888961009604e-05
2026-05-31,-7.2,113.3,2.402330791472282e-05,Normal,Normal,3.294624663051143e-06,15.894037373480764,3.294624663051143e-06
2026-06-01,-7.2,113.3,2.1118221906451032e-05,Normal,Normal,-2.905086008271787e-06,-12.092780971647077,2.905086008271787e-06
2026-06-02,-7.2,113.3,2.189174271419655e-05,Normal,Normal,7.735208077455161e-07,3.6628121968413696,7.735208077455161e-07
2026-06-03,-7.2,113.3,3.527262941567244e-05,Normal,Normal,1.338088670147589e-05,61.12298539302006,1.338088670147589e-05
2026-06-04,-7.2,113.3,2.1233902920756464e-05,Normal,Normal,-1.4038726494915974e-05,-39.80062367757093,1.4038726494915974e-05
2026-06-05,-7.2,113.3,1.791307072272155e-05,Normal,Normal,-3.3208321980349153e-06,-15.639292552236128,3.3208321980349153e-06
2026-06-06,-7.2,113.3,1.1643943844862274e-05,Normal,Normal,-6.269126877859275e-06,-34.997499730223815,6.269126877859275e-06
2026-06-07,-7.2,113.3,2.344112670624281e-05,Normal,Normal,1.1797182861380535e-05,101.31604049761779,1.1797182861380535e-05
2026-06-08,-7.2,113.3,2.4284716896914147e-05,Normal,Normal,8.435901906713372e-07,3.5987612764649013,8.435901906713372e-07
2026-06-09,-7.2,113.3,2.3164145201856185e-05,Normal,Normal,-1.1205716950579619e-06,-4.6143082491538205,1.1205716950579619e-06
2026-06-10,-7.2,113.3,1.7449072643851453e-05,Normal,Normal,-5.715072558004732e-06,-24.67206326071023,5.715072558004732e-06
2026-06-11,-7.2,113.3,1.921717832791743e-05,Normal,Normal,1.7681056840659779e-06,10.132949298534832,1.7681056840659779e-06
2026-06-13,-7.2,113.3,1.7140722173857148e-05,Normal,Normal,-2.076456154060283e-06,-10.805208333024341,2.076456154060283e-06
2026-06-14,-7.2,113.3,1.7907967278640936e-05,Normal,Normal,7.672451047837877e-07,4.476153904145197,7.672451047837877e-07
2026-06-15,-7.2,113.3,2.8608529096370714e-05,Normal,Normal,1.0700561817729779e-05,59.75307890188339,1.0700561817729779e-05
2026-06-16,-7.2,113.3,1.9162618996529493e-05,Normal,Normal,-9.445910099841221e-06,-33.017811115075936,9.445910099841221e-06
2026-06-17,-7.2,113.3,1.8535804658410887e-05,Normal,Normal,-6.268143381186056e-07,-3.271026461634119,6.268143381186056e-07
2026-06-18,-7.2,113.3,1.8354265945841986e-05,Normal,Normal,-1.8153871256890175e-07,-0.9793948302456168,1.8153871256890175e-07
2026-06-19,-7.2,113.3,2.7140965121337345e-05,Normal,Normal,8.78669917549536e-06,47.87278990847312,8.78669917549536e-06
2026-06-20,-7.2,113.3,2.0591161622481494e-05,Normal,Normal,-6.549803498855851e-06,-24.132537179772605,6.549803498855851e-06
2026-06-21,-7.2,113.3,1.6553876699374778e-05,Normal,Normal,-4.037284923106717e-06,-19.606882783624968,4.037284923106717e-06
2026-06-22,-7.2,113.3,1.4340557807356096e-05,Normal,Normal,-2.2133188920186813e-06,-13.370396144742791,2.2133188920186813e-06
2026-06-24,-7.2,113.3,1.6072872266660727e-05,Normal,Normal,1.7323144593046307e-06,12.079826200456623,1.7323144593046307e-06
2026-06-25,-7.2,113.3,1.4650136228729144e-05,Normal,Normal,-1.422736037931583e-06,-8.851784636419369,1.422736037931583e-06
2026-06-26,-7.2,113.3,1.0379071693040924e-05,Normal,Normal,-4.2710645356882205e-06,-29.153753036866625,4.2710645356882205e-06
2026-06-27,-7.2,113.3,1.237395018652673e-05,Normal,Normal,1.9948784934858064e-06,19.220201502446077,1.9948784934858064e-06
2026-06-28,-7.2,113.3,2.217257535893938e-05,Normal,Normal,9.79862517241265e-06,79.18752722216225,9.79862517241265e-06
2026-06-29,-7.2,113.3,2.494878750589826e-05,Normal,Normal,2.77621214695888e-06,12.52092777684297,2.77621214695888e-06
2026-06-30,-7.2,113.3,2.847174080104241e-05,Normal,Normal,3.5229532951441494e-06,14.120739512135705,3.5229532951441494e-06
2026-07-01,-7.2,113.3,2.107816314795891e-05,Normal,Normal,-7.3935776530835005e-06,-25.968126447726046,7.3935776530835005e-06
2026-07-02,-7.2,113.3,2.575707576507268e-05,Normal,Normal,4.6789126171137715e-06,22.197914421052634,4.6789126171137715e-06
2026-07-03,-7.2,113.3,1.5911286061888557e-05,Normal,Normal,-9.845789703184123e-06,-38.22557262705766,9.845789703184123e-06
2026-07-04,-7.2,113.3,1.0186665431000107e-05,Normal,Normal,-5.724620630888449e-06,-35.97836534785408,5.724620630888449e-06
2026-07-05,-7.2,113.3,1.452208640838052e-05,Normal,Normal,4.335420977380412e-06,42.559766066202975,4.335420977380412e-06
2026-07-06,-7.2,113.3,2.0136911581919943e-05,Normal,Normal,5.614825173539423e-06,38.66403914453489,5.614825173539423e-06
2026-07-07,-7.2,113.3,2.1943922316405988e-05,Normal,Normal,1.8070107344860453e-06,8.973624019427495,1.8070107344860453e-06
2026-07-08,-7.2,113.3,2.486827912385657e-05,Normal,Normal,2.924356807450581e-06,13.32649999979374,2.924356807450581e-06
2026-07-09,-7.2,113.3,3.4703360885381864e-05,Normal,Normal,9.835081761525295e-06,39.548702636566155,9.835081761525295e-06
2026-07-10,-7.2,113.3,2.2864698425080302e-05,Normal,Normal,-1.1838662460301561e-05,-34.11387876638881,1.1838662460301561e-05
2026-07-11,-7.2,113.3,4.757931093448413e-05,Outlier,Outlier Tinggi,2.471461250940383e-05,108.09069968880216,2.471461250940383e-05
2026-07-12,-7.2,113.3,2.2202922764336108e-05,Normal,Normal,-2.5376388170148025e-05,-53.33492156935786,2.5376388170148025e-05
2026-07-13,-7.2,113.3,1.5579316792638618e-05,Normal,Normal,-6.62360597169749e-06,-29.832135354435362,6.62360597169749e-06
2026-07-14,-7.2,113.3,1.639139645668529e-05,Normal,Normal,8.120796640466725e-07,5.212549913808728,8.120796640466725e-07
2026-07-15,-7.2,113.3,1.2250541132526403e-05,Normal,Normal,-4.140855324158887e-06,-25.262370629013887,4.140855324158887e-06
2026-07-16,-7.2,113.3,1.769434546638888e-05,Normal,Normal,5.4438043338624776e-06,44.43725607686535,5.4438043338624776e-06
2026-07-17,-7.2,113.3,1.699049864943509e-05,Normal,Normal,-7.038468169537916e-07,-3.977806459644284,7.038468169537916e-07
2026-07-18,-7.2,113.3,2.203021574738765e-05,Normal,Normal,5.039717097952562e-06,29.661972858696096,5.039717097952562e-06
2026-07-19,-7.2,113.3,1.5547748675315565e-05,Normal,Normal,-6.482467072072086e-06,-29.425345382015966,6.482467072072086e-06
2026-07-20,-7.2,113.3,2.227428000705065e-05,Normal,Normal,6.726531331735086e-06,43.2636999234139,6.726531331735086e-06
2026-07-21,-7.2,113.3,2.5485599059850622e-05,Normal,Normal,3.211319052799971e-06,14.417162089115632,3.211319052799971e-06
2026-07-22,-7.2,113.3,2.3454841259242013e-05,Normal,Normal,-2.0307578006086096e-06,-7.968256095685877,2.0307578006086096e-06
2026-07-23,-7.2,113.3,2.0809485724700034e-05,Normal,Normal,-2.6453555345419782e-06,-11.27850538532047,2.6453555345419782e-06
2026-07-24,-7.2,113.3,1.8197423787270767e-05,Normal,Normal,-2.6120619374292672e-06,-12.552265692606014,2.6120619374292672e-06
2026-07-25,-7.2,113.3,2.263857283656806e-05,Normal,Normal,4.441149049297292e-06,24.405372437410122,4.441149049297292e-06
2026-07-26,-7.2,113.3,1.817641314045754e-05,Normal,Normal,-4.462159696110518e-06,-19.71042842816839,4.462159696110518e-06
2026-07-27,-7.2,113.3,2.026267209657817e-05,Normal,Normal,2.086258956120629e-06,11.477836358577132,2.086258956120629e-06
2026-07-28,-7.2,113.3,1.3511261445649448e-05,Normal,Normal,-6.751410650928721e-06,-33.31944878123383,6.751410650928721e-06
2026-07-29,-7.2,113.3,1.7969085889348748e-05,Normal,Normal,4.457824443699299e-06,32.99339933307777,4.457824443699299e-06
2026-07-30,-7.2,113.3,1.9107327299752217e-05,Normal,Normal,1.1382414104034694e-06,6.334442483121339,1.1382414104034694e-06
2026-07-31,-7.2,113.3,1.6228449174876358e-05,Normal,Normal,-2.8788781248758587e-06,-15.06688025861781,2.8788781248758587e-06
2026-08-01,-7.2,113.3,1.0562437841452723e-05,Normal,Normal,-5.666011333423635e-06,-34.914065246575255,5.666011333423635e-06
2026-08-02,-7.2,113.3,7.055335033318461e-06,Normal,Normal,-3.5071028081342622e-06,-33.203535592611885,3.5071028081342622e-06
2026-08-03,-7.2,113.3,1.136377357706955e-05,Normal,Normal,4.3084385437510885e-06,61.06639193468073,4.3084385437510885e-06
2026-08-04,-7.2,113.3,1.298774726149411e-05,Normal,Normal,1.6239736844245607e-06,14.29079586468973,1.6239736844245607e-06
2026-08-05,-7.2,113.3,8.313182288894064e-06,Normal,Normal,-4.674564972600046e-06,-35.99211532595133,4.674564972600046e-06
2026-08-06,-7.2,113.3,1.641018049928412e-05,Normal,Normal,8.096998210390055e-06,97.39950272962474,8.096998210390055e-06
2026-08-07,-7.2,113.3,1.531408112749191e-05,Normal,Normal,-1.0960993717922087e-06,-6.679386444530733,1.0960993717922087e-06
2026-08-08,-7.2,113.3,2.0120247155485623e-05,Normal,Normal,4.806166027993712e-06,31.38396608965104,4.806166027993712e-06
2026-08-09,-7.2,113.3,1.1811234794119693e-05,Normal,Normal,-8.30901236136593e-06,-41.296770845583495,8.30901236136593e-06
2026-08-10,-7.2,113.3,1.8979136151564543e-05,Normal,Normal,7.16790135744485e-06,60.68714645325179,7.16790135744485e-06
2026-08-11,-7.2,113.3,2.536387960040575e-05,Normal,Normal,6.384743448841208e-06,33.64085381891779,6.384743448841208e-06
2026-08-12,-7.2,113.3,1.200257025054481e-05,Normal,Normal,-1.3361309349860941e-05,-52.67849225103244,1.3361309349860941e-05
2026-08-13,-7.2,113.3,1.3481292219660338e-05,Normal,Normal,1.4787219691155288e-06,12.320044275920061,1.4787219691155288e-06
2026-08-14,-7.2,113.3,2.0097956549630887e-05,Normal,Normal,6.616664329970548e-06,49.080342018854736,6.616664329970548e-06
2026-08-15,-7.2,113.3,1.6409765973380933e-05,Normal,Normal,-3.6881905762499537e-06,-18.351072494072483,3.6881905762499537e-06
2026-08-16,-7.2,113.3,1.5694290879140035e-05,Normal,Normal,-7.154750942408977e-07,-4.360056660171175,7.154750942408977e-07
2026-08-17,-7.2,113.3,7.090160332827285e-06,Normal,Normal,-8.60413054631275e-06,-54.82331513142065,8.60413054631275e-06
2026-08-18,-7.2,113.3,1.3328586990963736e-05,Normal,Normal,6.238426658136451e-06,87.98710276342658,6.238426658136451e-06
2026-08-19,-7.2,113.3,1.309344186701724e-05,Normal,Normal,-2.3514512394649577e-07,-1.764216447744349,2.3514512394649577e-07
2026-08-20,-7.2,113.3,9.883661664731048e-06,Normal,Normal,-3.2097802022861922e-06,-24.514411373923927,3.2097802022861922e-06
2026-08-21,-7.2,113.3,1.4381980676425598e-05,Normal,Normal,4.4983190116945495e-06,45.51267702481554,4.4983190116945495e-06
2026-08-22,-7.2,113.3,1.7312695114223922e-05,Normal,Normal,2.930714437798324e-06,20.3776830447439,2.930714437798324e-06
2026-08-23,-7.2,113.3,1.4914758188362092e-05,Normal,Normal,-2.3979369258618293e-06,-13.850743111000153,2.3979369258618293e-06
